filename,label
img1.jpg,pcos
img10.jpg,pcos
img2.jpg,pcos
img3.jpg,pcos
img4.jpg,pcos
img5.jpg,pcos
img6.jpg,pcos
img7.jpg,pcos
img8.jpg,pcos
img_0_1023.jpg,pcos
img_0_1033.jpg,pcos
img_0_1071.jpg,pcos
img_0_1075.jpg,pcos
img_0_1079.jpg,pcos
img_0_1083.jpg,pcos
img_0_1087.jpg,pcos
img_0_1088.jpg,pcos
img_0_1099.jpg,pcos
img_0_113.jpg,pcos
img_0_1130.jpg,pcos
img_0_1141.jpg,pcos
img_0_1142.jpg,pcos
img_0_1182.jpg,pcos
img_0_1195.jpg,pcos
img_0_1223.jpg,pcos
img_0_1226.jpg,pcos
img_0_1234.jpg,pcos
img_0_1257.jpg,pcos
img_0_126.jpg,pcos
img_0_1260.jpg,pcos
img_0_1272.jpg,pcos
img_0_1275.jpg,pcos
img_0_1287.jpg,pcos
img_0_1290.jpg,pcos
img_0_1305.jpg,pcos
img_0_1313.jpg,pcos
img_0_1324.jpg,pcos
img_0_1329.jpg,pcos
img_0_1373.jpg,pcos
img_0_1377.jpg,pcos
img_0_1387.jpg,pcos
img_0_1410.jpg,pcos
img_0_1421.jpg,pcos
img_0_1472.jpg,pcos
img_0_1475.jpg,pcos
img_0_1531.jpg,pcos
img_0_1539.jpg,pcos
img_0_155.jpg,pcos
img_0_1553.jpg,pcos
img_0_1556.jpg,pcos
img_0_1560.jpg,pcos
img_0_1575.jpg,pcos
img_0_1589.jpg,pcos
img_0_1590.jpg,pcos
img_0_1600.jpg,pcos
img_0_1651.jpg,pcos
img_0_1656.jpg,pcos
img_0_1663.jpg,pcos
img_0_1669.jpg,pcos
img_0_1706.jpg,pcos
img_0_1725.jpg,pcos
img_0_1736.jpg,pcos
img_0_1743.jpg,pcos
img_0_1753.jpg,pcos
img_0_1757.jpg,pcos
img_0_1786.jpg,pcos
img_0_1797.jpg,pcos
img_0_1808.jpg,pcos
img_0_1812.jpg,pcos
img_0_1814.jpg,pcos
img_0_182.jpg,pcos
img_0_1820.jpg,pcos
img_0_1836.jpg,pcos
img_0_1845.jpg,pcos
img_0_1854.jpg,pcos
img_0_1869.jpg,pcos
img_0_1877.jpg,pcos
img_0_188.jpg,pcos
img_0_1886.jpg,pcos
img_0_1889.jpg,pcos
img_0_1901.jpg,pcos
img_0_1903.jpg,pcos
img_0_1916.jpg,pcos
img_0_1939.jpg,pcos
img_0_1944.jpg,pcos
img_0_1949.jpg,pcos
img_0_1959.jpg,pcos
img_0_1970.jpg,pcos
img_0_1974.jpg,pcos
img_0_1988.jpg,pcos
img_0_2019.jpg,pcos
img_0_2026.jpg,pcos
img_0_2027.jpg,pcos
img_0_2065.jpg,pcos
img_0_209.jpg,pcos
img_0_2098.jpg,pcos
img_0_2130.jpg,pcos
img_0_2132.jpg,pcos
img_0_2137.jpg,pcos
img_0_2158.jpg,pcos
img_0_2172.jpg,pcos
img_0_2175.jpg,pcos
img_0_2176.jpg,pcos
img_0_2179.jpg,pcos
img_0_2184.jpg,pcos
img_0_2196.jpg,pcos
img_0_2245.jpg,pcos
img_0_2263.jpg,pcos
img_0_2276.jpg,pcos
img_0_2284.jpg,pcos
img_0_2298.jpg,pcos
img_0_2300.jpg,pcos
img_0_233.jpg,pcos
img_0_2341.jpg,pcos
img_0_2357.jpg,pcos
img_0_236.jpg,pcos
img_0_2380.jpg,pcos
img_0_2388.jpg,pcos
img_0_2389.jpg,pcos
img_0_2412.jpg,pcos
img_0_242.jpg,pcos
img_0_2436.jpg,pcos
img_0_2439.jpg,pcos
img_0_2440.jpg,pcos
img_0_2444.jpg,pcos
img_0_245.jpg,pcos
img_0_2457.jpg,pcos
img_0_2460.jpg,pcos
img_0_2490.jpg,pcos
img_0_2500.jpg,pcos
img_0_2502.jpg,pcos
img_0_2507.jpg,pcos
img_0_2508.jpg,pcos
img_0_2515.jpg,pcos
img_0_2543.jpg,pcos
img_0_2546.jpg,pcos
img_0_2557.jpg,pcos
img_0_2559.jpg,pcos
img_0_2578.jpg,pcos
img_0_2584.jpg,pcos
img_0_263.jpg,pcos
img_0_2643.jpg,pcos
img_0_2648.jpg,pcos
img_0_2652.jpg,pcos
img_0_2704.jpg,pcos
img_0_2715.jpg,pcos
img_0_2720.jpg,pcos
img_0_2723.jpg,pcos
img_0_2724.jpg,pcos
img_0_2739.jpg,pcos
img_0_2742.jpg,pcos
img_0_2743.jpg,pcos
img_0_2748.jpg,pcos
img_0_2749.jpg,pcos
img_0_275.jpg,pcos
img_0_2752.jpg,pcos
img_0_2754.jpg,pcos
img_0_2762.jpg,pcos
img_0_2765.jpg,pcos
img_0_2770.jpg,pcos
img_0_278.jpg,pcos
img_0_2794.jpg,pcos
img_0_2799.jpg,pcos
img_0_2829.jpg,pcos
img_0_2839.jpg,pcos
img_0_2860.jpg,pcos
img_0_2879.jpg,pcos
img_0_2886.jpg,pcos
img_0_2900.jpg,pcos
img_0_2908.jpg,pcos
img_0_2913.jpg,pcos
img_0_2930.jpg,pcos
img_0_2935.jpg,pcos
img_0_2956.jpg,pcos
img_0_2968.jpg,pcos
img_0_2982.jpg,pcos
img_0_2986.jpg,pcos
img_0_2993.jpg,pcos
img_0_3002.jpg,pcos
img_0_3022.jpg,pcos
img_0_3024.jpg,pcos
img_0_3045.jpg,pcos
img_0_3078.jpg,pcos
img_0_3088.jpg,pcos
img_0_3103.jpg,pcos
img_0_3114.jpg,pcos
img_0_3137.jpg,pcos
img_0_3138.jpg,pcos
img_0_3148.jpg,pcos
img_0_3171.jpg,pcos
img_0_3177.jpg,pcos
img_0_3192.jpg,pcos
img_0_3218.jpg,pcos
img_0_322.jpg,pcos
img_0_3233.jpg,pcos
img_0_3241.jpg,pcos
img_0_3244.jpg,pcos
img_0_3250.jpg,pcos
img_0_3254.jpg,pcos
img_0_3255.jpg,pcos
img_0_3259.jpg,pcos
img_0_3260.jpg,pcos
img_0_3286.jpg,pcos
img_0_3288.jpg,pcos
img_0_3295.jpg,pcos
img_0_330.jpg,pcos
img_0_3327.jpg,pcos
img_0_333.jpg,pcos
img_0_3335.jpg,pcos
img_0_3339.jpg,pcos
img_0_3340.jpg,pcos
img_0_3352.jpg,pcos
img_0_3358.jpg,pcos
img_0_336.jpg,pcos
img_0_3363.jpg,pcos
img_0_3371.jpg,pcos
img_0_3378.jpg,pcos
img_0_3391.jpg,pcos
img_0_3424.jpg,pcos
img_0_3451.jpg,pcos
img_0_3471.jpg,pcos
img_0_3475.jpg,pcos
img_0_3486.jpg,pcos
img_0_3492.jpg,pcos
img_0_3509.jpg,pcos
img_0_3515.jpg,pcos
img_0_3520.jpg,pcos
img_0_3526.jpg,pcos
img_0_3530.jpg,pcos
img_0_3544.jpg,pcos
img_0_3559.jpg,pcos
img_0_357.jpg,pcos
img_0_3592.jpg,pcos
img_0_360.jpg,pcos
img_0_3614.jpg,pcos
img_0_3626.jpg,pcos
img_0_3647.jpg,pcos
img_0_3648.jpg,pcos
img_0_366.jpg,pcos
img_0_367.jpg,pcos
img_0_3678.jpg,pcos
img_0_3696.jpg,pcos
img_0_3714.jpg,pcos
img_0_372.jpg,pcos
img_0_3746.jpg,pcos
img_0_3750.jpg,pcos
img_0_3752.jpg,pcos
img_0_3754.jpg,pcos
img_0_3757.jpg,pcos
img_0_3775.jpg,pcos
img_0_3776.jpg,pcos
img_0_378.jpg,pcos
img_0_3792.jpg,pcos
img_0_3794.jpg,pcos
img_0_3796.jpg,pcos
img_0_3799.jpg,pcos
img_0_3865.jpg,pcos
img_0_3867.jpg,pcos
img_0_3870.jpg,pcos
img_0_3900.jpg,pcos
img_0_3913.jpg,pcos
img_0_3918.jpg,pcos
img_0_3925.jpg,pcos
img_0_3926.jpg,pcos
img_0_3933.jpg,pcos
img_0_3940.jpg,pcos
img_0_3943.jpg,pcos
img_0_3945.jpg,pcos
img_0_3957.jpg,pcos
img_0_3965.jpg,pcos
img_0_3968.jpg,pcos
img_0_3982.jpg,pcos
img_0_3986.jpg,pcos
img_0_3997.jpg,pcos
img_0_4007.jpg,pcos
img_0_4014.jpg,pcos
img_0_4055.jpg,pcos
img_0_4067.jpg,pcos
img_0_409.jpg,pcos
img_0_4098.jpg,pcos
img_0_4104.jpg,pcos
img_0_4123.jpg,pcos
img_0_4154.jpg,pcos
img_0_4200.jpg,pcos
img_0_4204.jpg,pcos
img_0_4207.jpg,pcos
img_0_4208.jpg,pcos
img_0_4214.jpg,pcos
img_0_4217.jpg,pcos
img_0_4249.jpg,pcos
img_0_4257.jpg,pcos
img_0_4264.jpg,pcos
img_0_4283.jpg,pcos
img_0_4285.jpg,pcos
img_0_4288.jpg,pcos
img_0_4296.jpg,pcos
img_0_4344.jpg,pcos
img_0_4375.jpg,pcos
img_0_4394.jpg,pcos
img_0_4402.jpg,pcos
img_0_4431.jpg,pcos
img_0_4454.jpg,pcos
img_0_4458.jpg,pcos
img_0_4468.jpg,pcos
img_0_4470.jpg,pcos
img_0_4472.jpg,pcos
img_0_4480.jpg,pcos
img_0_4494.jpg,pcos
img_0_4497.jpg,pcos
img_0_4528.jpg,pcos
img_0_4529.jpg,pcos
img_0_4611.jpg,pcos
img_0_4634.jpg,pcos
img_0_4667.jpg,pcos
img_0_4694.jpg,pcos
img_0_4743.jpg,pcos
img_0_4746.jpg,pcos
img_0_475.jpg,pcos
img_0_4752.jpg,pcos
img_0_4761.jpg,pcos
img_0_4795.jpg,pcos
img_0_4808.jpg,pcos
img_0_4851.jpg,pcos
img_0_4879.jpg,pcos
img_0_4883.jpg,pcos
img_0_4893.jpg,pcos
img_0_4908.jpg,pcos
img_0_4909.jpg,pcos
img_0_492.jpg,pcos
img_0_4927.jpg,pcos
img_0_4969.jpg,pcos
img_0_497.jpg,pcos
img_0_4974.jpg,pcos
img_0_4978.jpg,pcos
img_0_4981.jpg,pcos
img_0_5011.jpg,pcos
img_0_5019.jpg,pcos
img_0_5036.jpg,pcos
img_0_5078.jpg,pcos
img_0_5091.jpg,pcos
img_0_5103.jpg,pcos
img_0_5125.jpg,pcos
img_0_5154.jpg,pcos
img_0_5157.jpg,pcos
img_0_516.jpg,pcos
img_0_5164.jpg,pcos
img_0_5171.jpg,pcos
img_0_5205.jpg,pcos
img_0_5206.jpg,pcos
img_0_5223.jpg,pcos
img_0_5224.jpg,pcos
img_0_5246.jpg,pcos
img_0_5250.jpg,pcos
img_0_5273.jpg,pcos
img_0_5284.jpg,pcos
img_0_5288.jpg,pcos
img_0_5299.jpg,pcos
img_0_53.jpg,pcos
img_0_5300.jpg,pcos
img_0_5301.jpg,pcos
img_0_5320.jpg,pcos
img_0_5327.jpg,pcos
img_0_533.jpg,pcos
img_0_5337.jpg,pcos
img_0_5356.jpg,pcos
img_0_5383.jpg,pcos
img_0_54.jpg,pcos
img_0_5412.jpg,pcos
img_0_5440.jpg,pcos
img_0_5451.jpg,pcos
img_0_5464.jpg,pcos
img_0_5475.jpg,pcos
img_0_5476.jpg,pcos
img_0_5480.jpg,pcos
img_0_5492.jpg,pcos
img_0_5493.jpg,pcos
img_0_5513.jpg,pcos
img_0_5518.jpg,pcos
img_0_553.jpg,pcos
img_0_5531.jpg,pcos
img_0_5536.jpg,pcos
img_0_5544.jpg,pcos
img_0_5552.jpg,pcos
img_0_5554.jpg,pcos
img_0_5564.jpg,pcos
img_0_5605.jpg,pcos
img_0_5625.jpg,pcos
img_0_5668.jpg,pcos
img_0_567.jpg,pcos
img_0_5671.jpg,pcos
img_0_5673.jpg,pcos
img_0_5679.jpg,pcos
img_0_5690.jpg,pcos
img_0_5696.jpg,pcos
img_0_57.jpg,pcos
img_0_571.jpg,pcos
img_0_5716.jpg,pcos
img_0_5740.jpg,pcos
img_0_5750.jpg,pcos
img_0_5772.jpg,pcos
img_0_5783.jpg,pcos
img_0_5784.jpg,pcos
img_0_5785.jpg,pcos
img_0_5794.jpg,pcos
img_0_5811.jpg,pcos
img_0_5812.jpg,pcos
img_0_5817.jpg,pcos
img_0_5829.jpg,pcos
img_0_5836.jpg,pcos
img_0_5841.jpg,pcos
img_0_5845.jpg,pcos
img_0_5854.jpg,pcos
img_0_5863.jpg,pcos
img_0_5874.jpg,pcos
img_0_5879.jpg,pcos
img_0_5883.jpg,pcos
img_0_5888.jpg,pcos
img_0_5900.jpg,pcos
img_0_5906.jpg,pcos
img_0_5911.jpg,pcos
img_0_5915.jpg,pcos
img_0_5927.jpg,pcos
img_0_5932.jpg,pcos
img_0_5946.jpg,pcos
img_0_5951.jpg,pcos
img_0_5957.jpg,pcos
img_0_5964.jpg,pcos
img_0_5965.jpg,pcos
img_0_5970.jpg,pcos
img_0_5985.jpg,pcos
img_0_5986.jpg,pcos
img_0_5990.jpg,pcos
img_0_60.jpg,pcos
img_0_6028.jpg,pcos
img_0_6049.jpg,pcos
img_0_6061.jpg,pcos
img_0_6064.jpg,pcos
img_0_6069.jpg,pcos
img_0_6077.jpg,pcos
img_0_6082.jpg,pcos
img_0_6114.jpg,pcos
img_0_6118.jpg,pcos
img_0_6121.jpg,pcos
img_0_6125.jpg,pcos
img_0_6127.jpg,pcos
img_0_6155.jpg,pcos
img_0_6159.jpg,pcos
img_0_6167.jpg,pcos
img_0_6168.jpg,pcos
img_0_6171.jpg,pcos
img_0_6200.jpg,pcos
img_0_6218.jpg,pcos
img_0_6220.jpg,pcos
img_0_6223.jpg,pcos
img_0_625.jpg,pcos
img_0_6271.jpg,pcos
img_0_6276.jpg,pcos
img_0_6298.jpg,pcos
img_0_6303.jpg,pcos
img_0_6323.jpg,pcos
img_0_635.jpg,pcos
img_0_6386.jpg,pcos
img_0_6390.jpg,pcos
img_0_6399.jpg,pcos
img_0_6403.jpg,pcos
img_0_6409.jpg,pcos
img_0_6414.jpg,pcos
img_0_6430.jpg,pcos
img_0_6447.jpg,pcos
img_0_6451.jpg,pcos
img_0_6480.jpg,pcos
img_0_6496.jpg,pcos
img_0_6498.jpg,pcos
img_0_6504.jpg,pcos
img_0_6505.jpg,pcos
img_0_6525.jpg,pcos
img_0_6531.jpg,pcos
img_0_6536.jpg,pcos
img_0_6544.jpg,pcos
img_0_6547.jpg,pcos
img_0_657.jpg,pcos
img_0_6571.jpg,pcos
img_0_6595.jpg,pcos
img_0_664.jpg,pcos
img_0_6646.jpg,pcos
img_0_6669.jpg,pcos
img_0_6671.jpg,pcos
img_0_6676.jpg,pcos
img_0_6680.jpg,pcos
img_0_6687.jpg,pcos
img_0_670.jpg,pcos
img_0_6701.jpg,pcos
img_0_6703.jpg,pcos
img_0_6733.jpg,pcos
img_0_6744.jpg,pcos
img_0_6756.jpg,pcos
img_0_6777.jpg,pcos
img_0_6819.jpg,pcos
img_0_6872.jpg,pcos
img_0_688.jpg,pcos
img_0_6891.jpg,pcos
img_0_6899.jpg,pcos
img_0_6903.jpg,pcos
img_0_693.jpg,pcos
img_0_6936.jpg,pcos
img_0_6941.jpg,pcos
img_0_695.jpg,pcos
img_0_6955.jpg,pcos
img_0_6974.jpg,pcos
img_0_6976.jpg,pcos
img_0_698.jpg,pcos
img_0_6990.jpg,pcos
img_0_6995.jpg,pcos
img_0_7002.jpg,pcos
img_0_7006.jpg,pcos
img_0_7011.jpg,pcos
img_0_7041.jpg,pcos
img_0_705.jpg,pcos
img_0_7050.jpg,pcos
img_0_7064.jpg,pcos
img_0_7077.jpg,pcos
img_0_7079.jpg,pcos
img_0_7091.jpg,pcos
img_0_712.jpg,pcos
img_0_7123.jpg,pcos
img_0_7138.jpg,pcos
img_0_7162.jpg,pcos
img_0_7169.jpg,pcos
img_0_7172.jpg,pcos
img_0_7174.jpg,pcos
img_0_7175.jpg,pcos
img_0_7176.jpg,pcos
img_0_7193.jpg,pcos
img_0_7194.jpg,pcos
img_0_7207.jpg,pcos
img_0_722.jpg,pcos
img_0_7230.jpg,pcos
img_0_7239.jpg,pcos
img_0_7240.jpg,pcos
img_0_7241.jpg,pcos
img_0_7321.jpg,pcos
img_0_7324.jpg,pcos
img_0_7333.jpg,pcos
img_0_7356.jpg,pcos
img_0_7368.jpg,pcos
img_0_737.jpg,pcos
img_0_7375.jpg,pcos
img_0_7378.jpg,pcos
img_0_7379.jpg,pcos
img_0_7385.jpg,pcos
img_0_7387.jpg,pcos
img_0_7388.jpg,pcos
img_0_74.jpg,pcos
img_0_7407.jpg,pcos
img_0_7409.jpg,pcos
img_0_7416.jpg,pcos
img_0_7422.jpg,pcos
img_0_7430.jpg,pcos
img_0_7452.jpg,pcos
img_0_7453.jpg,pcos
img_0_7454.jpg,pcos
img_0_7461.jpg,pcos
img_0_7480.jpg,pcos
img_0_7482.jpg,pcos
img_0_7483.jpg,pcos
img_0_7485.jpg,pcos
img_0_75.jpg,pcos
img_0_7501.jpg,pcos
img_0_7526.jpg,pcos
img_0_7530.jpg,pcos
img_0_7552.jpg,pcos
img_0_7558.jpg,pcos
img_0_7559.jpg,pcos
img_0_7566.jpg,pcos
img_0_7599.jpg,pcos
img_0_7601.jpg,pcos
img_0_7623.jpg,pcos
img_0_7628.jpg,pcos
img_0_7630.jpg,pcos
img_0_7635.jpg,pcos
img_0_764.jpg,pcos
img_0_7648.jpg,pcos
img_0_766.jpg,pcos
img_0_7663.jpg,pcos
img_0_7678.jpg,pcos
img_0_7688.jpg,pcos
img_0_769.jpg,pcos
img_0_7693.jpg,pcos
img_0_7738.jpg,pcos
img_0_7757.jpg,pcos
img_0_7765.jpg,pcos
img_0_7783.jpg,pcos
img_0_7789.jpg,pcos
img_0_7795.jpg,pcos
img_0_7805.jpg,pcos
img_0_7808.jpg,pcos
img_0_781.jpg,pcos
img_0_7818.jpg,pcos
img_0_7831.jpg,pcos
img_0_7861.jpg,pcos
img_0_7880.jpg,pcos
img_0_7929.jpg,pcos
img_0_793.jpg,pcos
img_0_7934.jpg,pcos
img_0_7944.jpg,pcos
img_0_795.jpg,pcos
img_0_7983.jpg,pcos
img_0_7999.jpg,pcos
img_0_800.jpg,pcos
img_0_8032.jpg,pcos
img_0_8040.jpg,pcos
img_0_8042.jpg,pcos
img_0_8045.jpg,pcos
img_0_807.jpg,pcos
img_0_8080.jpg,pcos
img_0_8086.jpg,pcos
img_0_8093.jpg,pcos
img_0_8100.jpg,pcos
img_0_8106.jpg,pcos
img_0_8107.jpg,pcos
img_0_8121.jpg,pcos
img_0_8129.jpg,pcos
img_0_8132.jpg,pcos
img_0_8139.jpg,pcos
img_0_8144.jpg,pcos
img_0_8153.jpg,pcos
img_0_8156.jpg,pcos
img_0_8160.jpg,pcos
img_0_8184.jpg,pcos
img_0_8198.jpg,pcos
img_0_820.jpg,pcos
img_0_8205.jpg,pcos
img_0_8217.jpg,pcos
img_0_8239.jpg,pcos
img_0_8240.jpg,pcos
img_0_8270.jpg,pcos
img_0_8280.jpg,pcos
img_0_8290.jpg,pcos
img_0_8299.jpg,pcos
img_0_8304.jpg,pcos
img_0_8332.jpg,pcos
img_0_8381.jpg,pcos
img_0_8382.jpg,pcos
img_0_8386.jpg,pcos
img_0_8394.jpg,pcos
img_0_8395.jpg,pcos
img_0_8403.jpg,pcos
img_0_8428.jpg,pcos
img_0_8429.jpg,pcos
img_0_8431.jpg,pcos
img_0_8449.jpg,pcos
img_0_8459.jpg,pcos
img_0_8469.jpg,pcos
img_0_8472.jpg,pcos
img_0_8488.jpg,pcos
img_0_8508.jpg,pcos
img_0_8541.jpg,pcos
img_0_8558.jpg,pcos
img_0_8575.jpg,pcos
img_0_8591.jpg,pcos
img_0_8608.jpg,pcos
img_0_8610.jpg,pcos
img_0_8620.jpg,pcos
img_0_8634.jpg,pcos
img_0_8655.jpg,pcos
img_0_866.jpg,pcos
img_0_8668.jpg,pcos
img_0_8689.jpg,pcos
img_0_87.jpg,pcos
img_0_8701.jpg,pcos
img_0_8718.jpg,pcos
img_0_8731.jpg,pcos
img_0_8749.jpg,pcos
img_0_8761.jpg,pcos
img_0_8765.jpg,pcos
img_0_8781.jpg,pcos
img_0_8788.jpg,pcos
img_0_8789.jpg,pcos
img_0_8792.jpg,pcos
img_0_8793.jpg,pcos
img_0_8807.jpg,pcos
img_0_8808.jpg,pcos
img_0_8809.jpg,pcos
img_0_8837.jpg,pcos
img_0_8849.jpg,pcos
img_0_8860.jpg,pcos
img_0_8865.jpg,pcos
img_0_8866.jpg,pcos
img_0_8884.jpg,pcos
img_0_8887.jpg,pcos
img_0_8892.jpg,pcos
img_0_8910.jpg,pcos
img_0_8933.jpg,pcos
img_0_8934.jpg,pcos
img_0_8943.jpg,pcos
img_0_8946.jpg,pcos
img_0_8957.jpg,pcos
img_0_8970.jpg,pcos
img_0_8973.jpg,pcos
img_0_8994.jpg,pcos
img_0_9004.jpg,pcos
img_0_9011.jpg,pcos
img_0_9029.jpg,pcos
img_0_9050.jpg,pcos
img_0_9054.jpg,pcos
img_0_9055.jpg,pcos
img_0_9072.jpg,pcos
img_0_9077.jpg,pcos
img_0_9089.jpg,pcos
img_0_9094.jpg,pcos
img_0_9105.jpg,pcos
img_0_9114.jpg,pcos
img_0_9115.jpg,pcos
img_0_9136.jpg,pcos
img_0_9143.jpg,pcos
img_0_9158.jpg,pcos
img_0_9159.jpg,pcos
img_0_9166.jpg,pcos
img_0_9172.jpg,pcos
img_0_9181.jpg,pcos
img_0_9184.jpg,pcos
img_0_92.jpg,pcos
img_0_9207.jpg,pcos
img_0_9208.jpg,pcos
img_0_9218.jpg,pcos
img_0_9255.jpg,pcos
img_0_9275.jpg,pcos
img_0_9277.jpg,pcos
img_0_9323.jpg,pcos
img_0_9325.jpg,pcos
img_0_9343.jpg,pcos
img_0_9357.jpg,pcos
img_0_9362.jpg,pcos
img_0_937.jpg,pcos
img_0_9407.jpg,pcos
img_0_9446.jpg,pcos
img_0_9474.jpg,pcos
img_0_9478.jpg,pcos
img_0_948.jpg,pcos
img_0_9499.jpg,pcos
img_0_9501.jpg,pcos
img_0_9520.jpg,pcos
img_0_9541.jpg,pcos
img_0_9546.jpg,pcos
img_0_9591.jpg,pcos
img_0_9595.jpg,pcos
img_0_9599.jpg,pcos
img_0_9640.jpg,pcos
img_0_9647.jpg,pcos
img_0_9658.jpg,pcos
img_0_9678.jpg,pcos
img_0_9693.jpg,pcos
img_0_9706.jpg,pcos
img_0_9708.jpg,pcos
img_0_9720.jpg,pcos
img_0_9742.jpg,pcos
img_0_9744.jpg,pcos
img_0_9762.jpg,pcos
img_0_9786.jpg,pcos
img_0_9805.jpg,pcos
img_0_9818.jpg,pcos
img_0_9819.jpg,pcos
img_0_9828.jpg,pcos
img_0_9842.jpg,pcos
img_0_9849.jpg,pcos
img_0_9852.jpg,pcos
img_0_9853.jpg,pcos
img_0_9909.jpg,pcos
img_0_9921.jpg,pcos
img_0_993.jpg,pcos
img_0_9935.jpg,pcos
img_0_9948.jpg,pcos
img_0_9949.jpg,pcos
img_0_9950.jpg,pcos
img_0_9961.jpg,pcos
img_0_9976.jpg,pcos
img_0_9984.jpg,pcos
img_0_9985.jpg,pcos
img_0_9988.jpg,pcos
img_0_9997.jpg,pcos
img_0_9998.jpg,pcos
img1.jpeg,non-pcos
img2.png,non-pcos
img3.jpg,non-pcos
img4.jpg,non-pcos
img_0_0.jpg,non-pcos
img_0_100.jpg,non-pcos
img_0_1012.jpg,non-pcos
img_0_1015.jpg,non-pcos
img_0_1020.jpg,non-pcos
img_0_1022.jpg,non-pcos
img_0_1027.jpg,non-pcos
img_0_103.jpg,non-pcos
img_0_1041.jpg,non-pcos
img_0_1050.jpg,non-pcos
img_0_1074.jpg,non-pcos
img_0_1081.jpg,non-pcos
img_0_1082.jpg,non-pcos
img_0_1083.jpg,non-pcos
img_0_1084.jpg,non-pcos
img_0_11.jpg,non-pcos
img_0_110.jpg,non-pcos
img_0_1107.jpg,non-pcos
img_0_1123.jpg,non-pcos
img_0_1125.jpg,non-pcos
img_0_1138.jpg,non-pcos
img_0_1139.jpg,non-pcos
img_0_114.jpg,non-pcos
img_0_1142.jpg,non-pcos
img_0_1147.jpg,non-pcos
img_0_1153.jpg,non-pcos
img_0_1161.jpg,non-pcos
img_0_1163.jpg,non-pcos
img_0_1169.jpg,non-pcos
img_0_117.jpg,non-pcos
img_0_1180.jpg,non-pcos
img_0_1181.jpg,non-pcos
img_0_1194.jpg,non-pcos
img_0_1202.jpg,non-pcos
img_0_1218.jpg,non-pcos
img_0_1224.jpg,non-pcos
img_0_1236.jpg,non-pcos
img_0_1241.jpg,non-pcos
img_0_1242.jpg,non-pcos
img_0_1248.jpg,non-pcos
img_0_126.jpg,non-pcos
img_0_1261.jpg,non-pcos
img_0_1284.jpg,non-pcos
img_0_1285.jpg,non-pcos
img_0_1288.jpg,non-pcos
img_0_130.jpg,non-pcos
img_0_1300.jpg,non-pcos
img_0_1305.jpg,non-pcos
img_0_1336.jpg,non-pcos
img_0_1337.jpg,non-pcos
img_0_1348.jpg,non-pcos
img_0_1353.jpg,non-pcos
img_0_1354.jpg,non-pcos
img_0_1371.jpg,non-pcos
img_0_1380.jpg,non-pcos
img_0_1383.jpg,non-pcos
img_0_1387.jpg,non-pcos
img_0_1388.jpg,non-pcos
img_0_1390.jpg,non-pcos
img_0_1402.jpg,non-pcos
img_0_1408.jpg,non-pcos
img_0_1416.jpg,non-pcos
img_0_1423.jpg,non-pcos
img_0_145.jpg,non-pcos
img_0_1458.jpg,non-pcos
img_0_1459.jpg,non-pcos
img_0_1465.jpg,non-pcos
img_0_1476.jpg,non-pcos
img_0_1483.jpg,non-pcos
img_0_1488.jpg,non-pcos
img_0_1494.jpg,non-pcos
img_0_1502.jpg,non-pcos
img_0_1504.jpg,non-pcos
img_0_1506.jpg,non-pcos
img_0_1507.jpg,non-pcos
img_0_1550.jpg,non-pcos
img_0_1552.jpg,non-pcos
img_0_1554.jpg,non-pcos
img_0_1563.jpg,non-pcos
img_0_1569.jpg,non-pcos
img_0_1600.jpg,non-pcos
img_0_1609.jpg,non-pcos
img_0_1611.jpg,non-pcos
img_0_1614.jpg,non-pcos
img_0_1623.jpg,non-pcos
img_0_1633.jpg,non-pcos
img_0_1646.jpg,non-pcos
img_0_1656.jpg,non-pcos
img_0_1662.jpg,non-pcos
img_0_1675.jpg,non-pcos
img_0_1678.jpg,non-pcos
img_0_1679.jpg,non-pcos
img_0_1693.jpg,non-pcos
img_0_1709.jpg,non-pcos
img_0_171.jpg,non-pcos
img_0_1722.jpg,non-pcos
img_0_1723.jpg,non-pcos
img_0_1728.jpg,non-pcos
img_0_1767.jpg,non-pcos
img_0_1769.jpg,non-pcos
img_0_1772.jpg,non-pcos
img_0_180.jpg,non-pcos
img_0_1811.jpg,non-pcos
img_0_1826.jpg,non-pcos
img_0_1835.jpg,non-pcos
img_0_1838.jpg,non-pcos
img_0_1843.jpg,non-pcos
img_0_1855.jpg,non-pcos
img_0_1856.jpg,non-pcos
img_0_1870.jpg,non-pcos
img_0_1877.jpg,non-pcos
img_0_1882.jpg,non-pcos
img_0_1886.jpg,non-pcos
img_0_1892.jpg,non-pcos
img_0_1894.jpg,non-pcos
img_0_1903.jpg,non-pcos
img_0_1909.jpg,non-pcos
img_0_1925.jpg,non-pcos
img_0_1926.jpg,non-pcos
img_0_1928.jpg,non-pcos
img_0_1929.jpg,non-pcos
img_0_1930.jpg,non-pcos
img_0_1950.jpg,non-pcos
img_0_1956.jpg,non-pcos
img_0_1962.jpg,non-pcos
img_0_1968.jpg,non-pcos
img_0_1972.jpg,non-pcos
img_0_1992.jpg,non-pcos
img_0_1994.jpg,non-pcos
img_0_1995.jpg,non-pcos
img_0_2024.jpg,non-pcos
img_0_2026.jpg,non-pcos
img_0_2027.jpg,non-pcos
img_0_2041.jpg,non-pcos
img_0_2047.jpg,non-pcos
img_0_205.jpg,non-pcos
img_0_2058.jpg,non-pcos
img_0_210.jpg,non-pcos
img_0_2106.jpg,non-pcos
img_0_2108.jpg,non-pcos
img_0_2114.jpg,non-pcos
img_0_2123.jpg,non-pcos
img_0_213.jpg,non-pcos
img_0_2135.jpg,non-pcos
img_0_2136.jpg,non-pcos
img_0_2137.jpg,non-pcos
img_0_2140.jpg,non-pcos
img_0_2145.jpg,non-pcos
img_0_2163.jpg,non-pcos
img_0_2164.jpg,non-pcos
img_0_2167.jpg,non-pcos
img_0_2168.jpg,non-pcos
img_0_2183.jpg,non-pcos
img_0_2192.jpg,non-pcos
img_0_2200.jpg,non-pcos
img_0_2203.jpg,non-pcos
img_0_2208.jpg,non-pcos
img_0_2221.jpg,non-pcos
img_0_2233.jpg,non-pcos
img_0_2242.jpg,non-pcos
img_0_2246.jpg,non-pcos
img_0_2250.jpg,non-pcos
img_0_2258.jpg,non-pcos
img_0_2261.jpg,non-pcos
img_0_2271.jpg,non-pcos
img_0_2284.jpg,non-pcos
img_0_2300.jpg,non-pcos
img_0_2303.jpg,non-pcos
img_0_2309.jpg,non-pcos
img_0_2318.jpg,non-pcos
img_0_2319.jpg,non-pcos
img_0_2326.jpg,non-pcos
img_0_2327.jpg,non-pcos
img_0_2347.jpg,non-pcos
img_0_2349.jpg,non-pcos
img_0_2368.jpg,non-pcos
img_0_2382.jpg,non-pcos
img_0_2384.jpg,non-pcos
img_0_239.jpg,non-pcos
img_0_2412.jpg,non-pcos
img_0_2422.jpg,non-pcos
img_0_2439.jpg,non-pcos
img_0_2451.jpg,non-pcos
img_0_2452.jpg,non-pcos
img_0_2454.jpg,non-pcos
img_0_2479.jpg,non-pcos
img_0_248.jpg,non-pcos
img_0_2480.jpg,non-pcos
img_0_2481.jpg,non-pcos
img_0_2485.jpg,non-pcos
img_0_2486.jpg,non-pcos
img_0_2489.jpg,non-pcos
img_0_2505.jpg,non-pcos
img_0_251.jpg,non-pcos
img_0_2512.jpg,non-pcos
img_0_2517.jpg,non-pcos
img_0_2518.jpg,non-pcos
img_0_2519.jpg,non-pcos
img_0_2521.jpg,non-pcos
img_0_2534.jpg,non-pcos
img_0_254.jpg,non-pcos
img_0_2546.jpg,non-pcos
img_0_2549.jpg,non-pcos
img_0_257.jpg,non-pcos
img_0_2571.jpg,non-pcos
img_0_2577.jpg,non-pcos
img_0_258.jpg,non-pcos
img_0_2601.jpg,non-pcos
img_0_261.jpg,non-pcos
img_0_264.jpg,non-pcos
img_0_2646.jpg,non-pcos
img_0_2700.jpg,non-pcos
img_0_2701.jpg,non-pcos
img_0_2707.jpg,non-pcos
img_0_2713.jpg,non-pcos
img_0_2727.jpg,non-pcos
img_0_2734.jpg,non-pcos
img_0_2740.jpg,non-pcos
img_0_2745.jpg,non-pcos
img_0_2760.jpg,non-pcos
img_0_2764.jpg,non-pcos
img_0_2772.jpg,non-pcos
img_0_2773.jpg,non-pcos
img_0_2774.jpg,non-pcos
img_0_2780.jpg,non-pcos
img_0_2782.jpg,non-pcos
img_0_2786.jpg,non-pcos
img_0_2795.jpg,non-pcos
img_0_28.jpg,non-pcos
img_0_280.jpg,non-pcos
img_0_2803.jpg,non-pcos
img_0_2804.jpg,non-pcos
img_0_2819.jpg,non-pcos
img_0_282.jpg,non-pcos
img_0_2820.jpg,non-pcos
img_0_2843.jpg,non-pcos
img_0_2871.jpg,non-pcos
img_0_2879.jpg,non-pcos
img_0_2881.jpg,non-pcos
img_0_2891.jpg,non-pcos
img_0_2897.jpg,non-pcos
img_0_2900.jpg,non-pcos
img_0_2903.jpg,non-pcos
img_0_2912.jpg,non-pcos
img_0_2913.jpg,non-pcos
img_0_2928.jpg,non-pcos
img_0_294.jpg,non-pcos
img_0_2940.jpg,non-pcos
img_0_2951.jpg,non-pcos
img_0_2957.jpg,non-pcos
img_0_2959.jpg,non-pcos
img_0_296.jpg,non-pcos
img_0_2964.jpg,non-pcos
img_0_2979.jpg,non-pcos
img_0_2986.jpg,non-pcos
img_0_2987.jpg,non-pcos
img_0_2996.jpg,non-pcos
img_0_2997.jpg,non-pcos
img_0_3004.jpg,non-pcos
img_0_3020.jpg,non-pcos
img_0_3023.jpg,non-pcos
img_0_3036.jpg,non-pcos
img_0_3049.jpg,non-pcos
img_0_305.jpg,non-pcos
img_0_3053.jpg,non-pcos
img_0_3054.jpg,non-pcos
img_0_3062.jpg,non-pcos
img_0_3069.jpg,non-pcos
img_0_307.jpg,non-pcos
img_0_309.jpg,non-pcos
img_0_3091.jpg,non-pcos
img_0_3102.jpg,non-pcos
img_0_3105.jpg,non-pcos
img_0_3117.jpg,non-pcos
img_0_3122.jpg,non-pcos
img_0_3124.jpg,non-pcos
img_0_3149.jpg,non-pcos
img_0_3154.jpg,non-pcos
img_0_3158.jpg,non-pcos
img_0_3164.jpg,non-pcos
img_0_3179.jpg,non-pcos
img_0_3185.jpg,non-pcos
img_0_3205.jpg,non-pcos
img_0_3207.jpg,non-pcos
img_0_3214.jpg,non-pcos
img_0_3217.jpg,non-pcos
img_0_3229.jpg,non-pcos
img_0_323.jpg,non-pcos
img_0_3230.jpg,non-pcos
img_0_3238.jpg,non-pcos
img_0_3245.jpg,non-pcos
img_0_326.jpg,non-pcos
img_0_3265.jpg,non-pcos
img_0_3279.jpg,non-pcos
img_0_3280.jpg,non-pcos
img_0_3282.jpg,non-pcos
img_0_3287.jpg,non-pcos
img_0_3291.jpg,non-pcos
img_0_3292.jpg,non-pcos
img_0_3297.jpg,non-pcos
img_0_330.jpg,non-pcos
img_0_3309.jpg,non-pcos
img_0_3318.jpg,non-pcos
img_0_3321.jpg,non-pcos
img_0_3325.jpg,non-pcos
img_0_3328.jpg,non-pcos
img_0_3331.jpg,non-pcos
img_0_3345.jpg,non-pcos
img_0_3358.jpg,non-pcos
img_0_3365.jpg,non-pcos
img_0_337.jpg,non-pcos
img_0_3404.jpg,non-pcos
img_0_3407.jpg,non-pcos
img_0_3409.jpg,non-pcos
img_0_341.jpg,non-pcos
img_0_3410.jpg,non-pcos
img_0_3412.jpg,non-pcos
img_0_3418.jpg,non-pcos
img_0_3430.jpg,non-pcos
img_0_3433.jpg,non-pcos
img_0_3436.jpg,non-pcos
img_0_3440.jpg,non-pcos
img_0_3442.jpg,non-pcos
img_0_3456.jpg,non-pcos
img_0_3463.jpg,non-pcos
img_0_3470.jpg,non-pcos
img_0_3474.jpg,non-pcos
img_0_348.jpg,non-pcos
img_0_3484.jpg,non-pcos
img_0_3504.jpg,non-pcos
img_0_3520.jpg,non-pcos
img_0_3522.jpg,non-pcos
img_0_3526.jpg,non-pcos
img_0_3533.jpg,non-pcos
img_0_3540.jpg,non-pcos
img_0_3545.jpg,non-pcos
img_0_3565.jpg,non-pcos
img_0_3575.jpg,non-pcos
img_0_3579.jpg,non-pcos
img_0_3600.jpg,non-pcos
img_0_3602.jpg,non-pcos
img_0_3611.jpg,non-pcos
img_0_3614.jpg,non-pcos
img_0_3617.jpg,non-pcos
img_0_3623.jpg,non-pcos
img_0_3624.jpg,non-pcos
img_0_3630.jpg,non-pcos
img_0_3632.jpg,non-pcos
img_0_3633.jpg,non-pcos
img_0_3639.jpg,non-pcos
img_0_3674.jpg,non-pcos
img_0_3683.jpg,non-pcos
img_0_3706.jpg,non-pcos
img_0_3708.jpg,non-pcos
img_0_3716.jpg,non-pcos
img_0_3734.jpg,non-pcos
img_0_3737.jpg,non-pcos
img_0_3762.jpg,non-pcos
img_0_3777.jpg,non-pcos
img_0_378.jpg,non-pcos
img_0_3786.jpg,non-pcos
img_0_38.jpg,non-pcos
img_0_3810.jpg,non-pcos
img_0_3826.jpg,non-pcos
img_0_3839.jpg,non-pcos
img_0_384.jpg,non-pcos
img_0_3845.jpg,non-pcos
img_0_3847.jpg,non-pcos
img_0_3851.jpg,non-pcos
img_0_3852.jpg,non-pcos
img_0_3859.jpg,non-pcos
img_0_3867.jpg,non-pcos
img_0_3883.jpg,non-pcos
img_0_3908.jpg,non-pcos
img_0_393.jpg,non-pcos
img_0_3932.jpg,non-pcos
img_0_397.jpg,non-pcos
img_0_398.jpg,non-pcos
img_0_3984.jpg,non-pcos
img_0_399.jpg,non-pcos
img_0_3991.jpg,non-pcos
img_0_3995.jpg,non-pcos
img_0_4.jpg,non-pcos
img_0_4021.jpg,non-pcos
img_0_4036.jpg,non-pcos
img_0_4042.jpg,non-pcos
img_0_4054.jpg,non-pcos
img_0_4055.jpg,non-pcos
img_0_4089.jpg,non-pcos
img_0_4093.jpg,non-pcos
img_0_4100.jpg,non-pcos
img_0_4120.jpg,non-pcos
img_0_4122.jpg,non-pcos
img_0_4134.jpg,non-pcos
img_0_4143.jpg,non-pcos
img_0_4146.jpg,non-pcos
img_0_4147.jpg,non-pcos
img_0_4159.jpg,non-pcos
img_0_4160.jpg,non-pcos
img_0_4171.jpg,non-pcos
img_0_4172.jpg,non-pcos
img_0_4195.jpg,non-pcos
img_0_4196.jpg,non-pcos
img_0_4200.jpg,non-pcos
img_0_4210.jpg,non-pcos
img_0_4213.jpg,non-pcos
img_0_4226.jpg,non-pcos
img_0_4228.jpg,non-pcos
img_0_4234.jpg,non-pcos
img_0_4237.jpg,non-pcos
img_0_424.jpg,non-pcos
img_0_4245.jpg,non-pcos
img_0_4249.jpg,non-pcos
img_0_425.jpg,non-pcos
img_0_4254.jpg,non-pcos
img_0_4275.jpg,non-pcos
img_0_4298.jpg,non-pcos
img_0_431.jpg,non-pcos
img_0_4311.jpg,non-pcos
img_0_4322.jpg,non-pcos
img_0_4323.jpg,non-pcos
img_0_4325.jpg,non-pcos
img_0_4368.jpg,non-pcos
img_0_4369.jpg,non-pcos
img_0_4374.jpg,non-pcos
img_0_4378.jpg,non-pcos
img_0_4379.jpg,non-pcos
img_0_438.jpg,non-pcos
img_0_4381.jpg,non-pcos
img_0_4390.jpg,non-pcos
img_0_4392.jpg,non-pcos
img_0_4401.jpg,non-pcos
img_0_4408.jpg,non-pcos
img_0_4428.jpg,non-pcos
img_0_444.jpg,non-pcos
img_0_4443.jpg,non-pcos
img_0_4446.jpg,non-pcos
img_0_4449.jpg,non-pcos
img_0_445.jpg,non-pcos
img_0_4462.jpg,non-pcos
img_0_4466.jpg,non-pcos
img_0_4480.jpg,non-pcos
img_0_4481.jpg,non-pcos
img_0_4504.jpg,non-pcos
img_0_451.jpg,non-pcos
img_0_4523.jpg,non-pcos
img_0_4564.jpg,non-pcos
img_0_4578.jpg,non-pcos
img_0_4579.jpg,non-pcos
img_0_4584.jpg,non-pcos
img_0_4591.jpg,non-pcos
img_0_4593.jpg,non-pcos
img_0_460.jpg,non-pcos
img_0_4606.jpg,non-pcos
img_0_4613.jpg,non-pcos
img_0_4615.jpg,non-pcos
img_0_4620.jpg,non-pcos
img_0_4626.jpg,non-pcos
img_0_4639.jpg,non-pcos
img_0_464.jpg,non-pcos
img_0_4652.jpg,non-pcos
img_0_4653.jpg,non-pcos
img_0_4654.jpg,non-pcos
img_0_4664.jpg,non-pcos
img_0_4665.jpg,non-pcos
img_0_4676.jpg,non-pcos
img_0_4678.jpg,non-pcos
img_0_4679.jpg,non-pcos
img_0_4681.jpg,non-pcos
img_0_469.jpg,non-pcos
img_0_4695.jpg,non-pcos
img_0_47.jpg,non-pcos
img_0_4700.jpg,non-pcos
img_0_4702.jpg,non-pcos
img_0_4704.jpg,non-pcos
img_0_4723.jpg,non-pcos
img_0_4735.jpg,non-pcos
img_0_4740.jpg,non-pcos
img_0_4749.jpg,non-pcos
img_0_4750.jpg,non-pcos
img_0_4772.jpg,non-pcos
img_0_4777.jpg,non-pcos
img_0_4791.jpg,non-pcos
img_0_4796.jpg,non-pcos
img_0_4798.jpg,non-pcos
img_0_4807.jpg,non-pcos
img_0_4809.jpg,non-pcos
img_0_4813.jpg,non-pcos
img_0_4838.jpg,non-pcos
img_0_4880.jpg,non-pcos
img_0_4892.jpg,non-pcos
img_0_4901.jpg,non-pcos
img_0_4903.jpg,non-pcos
img_0_4904.jpg,non-pcos
img_0_4916.jpg,non-pcos
img_0_4919.jpg,non-pcos
img_0_4922.jpg,non-pcos
img_0_4928.jpg,non-pcos
img_0_4931.jpg,non-pcos
img_0_4934.jpg,non-pcos
img_0_4938.jpg,non-pcos
img_0_4950.jpg,non-pcos
img_0_4952.jpg,non-pcos
img_0_4957.jpg,non-pcos
img_0_496.jpg,non-pcos
img_0_4961.jpg,non-pcos
img_0_4966.jpg,non-pcos
img_0_4967.jpg,non-pcos
img_0_4990.jpg,non-pcos
img_0_5003.jpg,non-pcos
img_0_5011.jpg,non-pcos
img_0_5024.jpg,non-pcos
img_0_5035.jpg,non-pcos
img_0_5040.jpg,non-pcos
img_0_5049.jpg,non-pcos
img_0_5050.jpg,non-pcos
img_0_5055.jpg,non-pcos
img_0_5058.jpg,non-pcos
img_0_5090.jpg,non-pcos
img_0_5091.jpg,non-pcos
img_0_5108.jpg,non-pcos
img_0_5115.jpg,non-pcos
img_0_5124.jpg,non-pcos
img_0_5135.jpg,non-pcos
img_0_5150.jpg,non-pcos
img_0_5157.jpg,non-pcos
img_0_5164.jpg,non-pcos
img_0_5172.jpg,non-pcos
img_0_5182.jpg,non-pcos
img_0_5190.jpg,non-pcos
img_0_5195.jpg,non-pcos
img_0_5203.jpg,non-pcos
img_0_5208.jpg,non-pcos
img_0_5209.jpg,non-pcos
img_0_5220.jpg,non-pcos
img_0_5233.jpg,non-pcos
img_0_5240.jpg,non-pcos
img_0_5255.jpg,non-pcos
img_0_5271.jpg,non-pcos
img_0_5272.jpg,non-pcos
img_0_5288.jpg,non-pcos
img_0_529.jpg,non-pcos
img_0_5290.jpg,non-pcos
img_0_5291.jpg,non-pcos
img_0_5304.jpg,non-pcos
img_0_5319.jpg,non-pcos
img_0_5328.jpg,non-pcos
img_0_5336.jpg,non-pcos
img_0_5338.jpg,non-pcos
img_0_5346.jpg,non-pcos
img_0_5347.jpg,non-pcos
img_0_5353.jpg,non-pcos
img_0_5364.jpg,non-pcos
img_0_5365.jpg,non-pcos
img_0_5368.jpg,non-pcos
img_0_5379.jpg,non-pcos
img_0_5384.jpg,non-pcos
img_0_5386.jpg,non-pcos
img_0_5391.jpg,non-pcos
img_0_5398.jpg,non-pcos
img_0_5405.jpg,non-pcos
img_0_5412.jpg,non-pcos
img_0_5425.jpg,non-pcos
img_0_5427.jpg,non-pcos
img_0_5428.jpg,non-pcos
img_0_5432.jpg,non-pcos
img_0_5444.jpg,non-pcos
img_0_5448.jpg,non-pcos
img_0_5452.jpg,non-pcos
img_0_5455.jpg,non-pcos
img_0_5479.jpg,non-pcos
img_0_5480.jpg,non-pcos
img_0_5491.jpg,non-pcos
img_0_5492.jpg,non-pcos
img_0_5493.jpg,non-pcos
img_0_5495.jpg,non-pcos
img_0_5500.jpg,non-pcos
img_0_5512.jpg,non-pcos
img_0_5520.jpg,non-pcos
img_0_5523.jpg,non-pcos
img_0_5538.jpg,non-pcos
img_0_5547.jpg,non-pcos
img_0_5554.jpg,non-pcos
img_0_5566.jpg,non-pcos
img_0_5572.jpg,non-pcos
img_0_5573.jpg,non-pcos
img_0_5578.jpg,non-pcos
img_0_5581.jpg,non-pcos
img_0_5594.jpg,non-pcos
img_0_56.jpg,non-pcos
img_0_5614.jpg,non-pcos
img_0_5617.jpg,non-pcos
img_0_5622.jpg,non-pcos
img_0_5634.jpg,non-pcos
img_0_5636.jpg,non-pcos
img_0_5638.jpg,non-pcos
img_0_5649.jpg,non-pcos
img_0_5651.jpg,non-pcos
img_0_5656.jpg,non-pcos
img_0_5678.jpg,non-pcos
img_0_5684.jpg,non-pcos
img_0_5694.jpg,non-pcos
img_0_570.jpg,non-pcos
img_0_5708.jpg,non-pcos
img_0_5712.jpg,non-pcos
img_0_5718.jpg,non-pcos
img_0_5724.jpg,non-pcos
img_0_5736.jpg,non-pcos
img_0_5745.jpg,non-pcos
img_0_5757.jpg,non-pcos
img_0_5759.jpg,non-pcos
img_0_5762.jpg,non-pcos
img_0_5763.jpg,non-pcos
img_0_5764.jpg,non-pcos
img_0_5773.jpg,non-pcos
img_0_5774.jpg,non-pcos
img_0_5777.jpg,non-pcos
img_0_5794.jpg,non-pcos
img_0_5803.jpg,non-pcos
img_0_5808.jpg,non-pcos
img_0_5809.jpg,non-pcos
img_0_581.jpg,non-pcos
img_0_5813.jpg,non-pcos
img_0_5826.jpg,non-pcos
img_0_5830.jpg,non-pcos
img_0_5851.jpg,non-pcos
img_0_5856.jpg,non-pcos
img_0_5857.jpg,non-pcos
img_0_586.jpg,non-pcos
img_0_5864.jpg,non-pcos
img_0_587.jpg,non-pcos
img_0_5877.jpg,non-pcos
img_0_5896.jpg,non-pcos
img_0_5899.jpg,non-pcos
img_0_5912.jpg,non-pcos
img_0_5916.jpg,non-pcos
img_0_5920.jpg,non-pcos
img_0_5925.jpg,non-pcos
img_0_5928.jpg,non-pcos
img_0_5942.jpg,non-pcos
img_0_5949.jpg,non-pcos
img_0_5954.jpg,non-pcos
img_0_5971.jpg,non-pcos
img_0_5988.jpg,non-pcos
img_0_6005.jpg,non-pcos
img_0_6009.jpg,non-pcos
img_0_601.jpg,non-pcos
img_0_6013.jpg,non-pcos
img_0_6015.jpg,non-pcos
img_0_6017.jpg,non-pcos
img_0_6022.jpg,non-pcos
img_0_6040.jpg,non-pcos
img_0_6044.jpg,non-pcos
img_0_6047.jpg,non-pcos
img_0_6054.jpg,non-pcos
img_0_6056.jpg,non-pcos
img_0_6057.jpg,non-pcos
img_0_6060.jpg,non-pcos
img_0_6065.jpg,non-pcos
img_0_6067.jpg,non-pcos
img_0_6076.jpg,non-pcos
img_0_608.jpg,non-pcos
img_0_6087.jpg,non-pcos
img_0_609.jpg,non-pcos
img_0_61.jpg,non-pcos
img_0_6103.jpg,non-pcos
img_0_6108.jpg,non-pcos
img_0_6115.jpg,non-pcos
img_0_6121.jpg,non-pcos
img_0_6124.jpg,non-pcos
img_0_6125.jpg,non-pcos
img_0_6126.jpg,non-pcos
img_0_6156.jpg,non-pcos
img_0_6157.jpg,non-pcos
img_0_6162.jpg,non-pcos
img_0_6165.jpg,non-pcos
img_0_6170.jpg,non-pcos
img_0_6173.jpg,non-pcos
img_0_6176.jpg,non-pcos
img_0_618.jpg,non-pcos
img_0_6184.jpg,non-pcos
img_0_6193.jpg,non-pcos
img_0_6194.jpg,non-pcos
img_0_6219.jpg,non-pcos
img_0_6229.jpg,non-pcos
img_0_6261.jpg,non-pcos
img_0_6262.jpg,non-pcos
img_0_6269.jpg,non-pcos
img_0_6294.jpg,non-pcos
img_0_6301.jpg,non-pcos
img_0_6305.jpg,non-pcos
img_0_6308.jpg,non-pcos
img_0_6323.jpg,non-pcos
img_0_6333.jpg,non-pcos
img_0_6338.jpg,non-pcos
img_0_6343.jpg,non-pcos
img_0_6349.jpg,non-pcos
img_0_635.jpg,non-pcos
img_0_6359.jpg,non-pcos
img_0_6401.jpg,non-pcos
img_0_6402.jpg,non-pcos
img_0_6425.jpg,non-pcos
img_0_6426.jpg,non-pcos
img_0_643.jpg,non-pcos
img_0_6433.jpg,non-pcos
img_0_6453.jpg,non-pcos
img_0_6464.jpg,non-pcos
img_0_6486.jpg,non-pcos
img_0_6487.jpg,non-pcos
img_0_6519.jpg,non-pcos
img_0_6520.jpg,non-pcos
img_0_6534.jpg,non-pcos
img_0_6540.jpg,non-pcos
img_0_6549.jpg,non-pcos
img_0_6554.jpg,non-pcos
img_0_6556.jpg,non-pcos
img_0_6577.jpg,non-pcos
img_0_6582.jpg,non-pcos
img_0_6583.jpg,non-pcos
img_0_6586.jpg,non-pcos
img_0_6595.jpg,non-pcos
img_0_6596.jpg,non-pcos
img_0_6601.jpg,non-pcos
img_0_6630.jpg,non-pcos
img_0_6635.jpg,non-pcos
img_0_6637.jpg,non-pcos
img_0_6651.jpg,non-pcos
img_0_6658.jpg,non-pcos
img_0_6661.jpg,non-pcos
img_0_6672.jpg,non-pcos
img_0_6675.jpg,non-pcos
img_0_6678.jpg,non-pcos
img_0_6694.jpg,non-pcos
img_0_6700.jpg,non-pcos
img_0_672.jpg,non-pcos
img_0_6724.jpg,non-pcos
img_0_6732.jpg,non-pcos
img_0_6740.jpg,non-pcos
img_0_6744.jpg,non-pcos
img_0_6751.jpg,non-pcos
img_0_6752.jpg,non-pcos
img_0_676.jpg,non-pcos
img_0_6765.jpg,non-pcos
img_0_6767.jpg,non-pcos
img_0_6783.jpg,non-pcos
img_0_6790.jpg,non-pcos
img_0_6796.jpg,non-pcos
img_0_6803.jpg,non-pcos
img_0_6811.jpg,non-pcos
img_0_6816.jpg,non-pcos
img_0_6833.jpg,non-pcos
img_0_6837.jpg,non-pcos
img_0_6854.jpg,non-pcos
img_0_6858.jpg,non-pcos
img_0_6869.jpg,non-pcos
img_0_6878.jpg,non-pcos
img_0_6879.jpg,non-pcos
img_0_6883.jpg,non-pcos
img_0_6885.jpg,non-pcos
img_0_6893.jpg,non-pcos
img_0_6902.jpg,non-pcos
img_0_6935.jpg,non-pcos
img_0_6970.jpg,non-pcos
img_0_699.jpg,non-pcos
img_0_6993.jpg,non-pcos
img_0_6998.jpg,non-pcos
img_0_7019.jpg,non-pcos
img_0_702.jpg,non-pcos
img_0_7020.jpg,non-pcos
img_0_7038.jpg,non-pcos
img_0_7039.jpg,non-pcos
img_0_7043.jpg,non-pcos
img_0_7045.jpg,non-pcos
img_0_7049.jpg,non-pcos
img_0_7050.jpg,non-pcos
img_0_7058.jpg,non-pcos
img_0_706.jpg,non-pcos
img_0_7060.jpg,non-pcos
img_0_7063.jpg,non-pcos
img_0_7083.jpg,non-pcos
img_0_7102.jpg,non-pcos
img_0_7107.jpg,non-pcos
img_0_7119.jpg,non-pcos
img_0_7121.jpg,non-pcos
img_0_7130.jpg,non-pcos
img_0_7135.jpg,non-pcos
img_0_7148.jpg,non-pcos
img_0_7155.jpg,non-pcos
img_0_7157.jpg,non-pcos
img_0_716.jpg,non-pcos
img_0_7165.jpg,non-pcos
img_0_7168.jpg,non-pcos
img_0_7169.jpg,non-pcos
img_0_7170.jpg,non-pcos
img_0_7178.jpg,non-pcos
img_0_7188.jpg,non-pcos
img_0_7191.jpg,non-pcos
img_0_720.jpg,non-pcos
img_0_7202.jpg,non-pcos
img_0_7204.jpg,non-pcos
img_0_7219.jpg,non-pcos
img_0_7221.jpg,non-pcos
img_0_7222.jpg,non-pcos
img_0_7227.jpg,non-pcos
img_0_7228.jpg,non-pcos
img_0_7229.jpg,non-pcos
img_0_7234.jpg,non-pcos
img_0_7239.jpg,non-pcos
img_0_7257.jpg,non-pcos
img_0_7273.jpg,non-pcos
img_0_7278.jpg,non-pcos
img_0_7285.jpg,non-pcos
img_0_7290.jpg,non-pcos
img_0_7299.jpg,non-pcos
img_0_7307.jpg,non-pcos
img_0_7316.jpg,non-pcos
img_0_7324.jpg,non-pcos
img_0_7336.jpg,non-pcos
img_0_7338.jpg,non-pcos
img_0_7366.jpg,non-pcos
img_0_7372.jpg,non-pcos
img_0_7383.jpg,non-pcos
img_0_7393.jpg,non-pcos
img_0_7394.jpg,non-pcos
img_0_7403.jpg,non-pcos
img_0_7416.jpg,non-pcos
img_0_7426.jpg,non-pcos
img_0_7441.jpg,non-pcos
img_0_745.jpg,non-pcos
img_0_7451.jpg,non-pcos
img_0_7455.jpg,non-pcos
img_0_7460.jpg,non-pcos
img_0_7464.jpg,non-pcos
img_0_7466.jpg,non-pcos
img_0_747.jpg,non-pcos
img_0_7507.jpg,non-pcos
img_0_7533.jpg,non-pcos
img_0_7535.jpg,non-pcos
img_0_7552.jpg,non-pcos
img_0_7598.jpg,non-pcos
img_0_7606.jpg,non-pcos
img_0_7607.jpg,non-pcos
img_0_7611.jpg,non-pcos
img_0_7624.jpg,non-pcos
img_0_7626.jpg,non-pcos
img_0_7631.jpg,non-pcos
img_0_7633.jpg,non-pcos
img_0_7643.jpg,non-pcos
img_0_7649.jpg,non-pcos
img_0_7654.jpg,non-pcos
img_0_7656.jpg,non-pcos
img_0_7670.jpg,non-pcos
img_0_7678.jpg,non-pcos
img_0_7690.jpg,non-pcos
img_0_7712.jpg,non-pcos
img_0_7713.jpg,non-pcos
img_0_7722.jpg,non-pcos
img_0_7736.jpg,non-pcos
img_0_7741.jpg,non-pcos
img_0_7747.jpg,non-pcos
img_0_7769.jpg,non-pcos
img_0_7777.jpg,non-pcos
img_0_7788.jpg,non-pcos
img_0_7790.jpg,non-pcos
img_0_7799.jpg,non-pcos
img_0_7806.jpg,non-pcos
img_0_7819.jpg,non-pcos
img_0_7820.jpg,non-pcos
img_0_7829.jpg,non-pcos
img_0_7841.jpg,non-pcos
img_0_7842.jpg,non-pcos
img_0_7845.jpg,non-pcos
img_0_786.jpg,non-pcos
img_0_7861.jpg,non-pcos
img_0_7864.jpg,non-pcos
img_0_7885.jpg,non-pcos
img_0_7887.jpg,non-pcos
img_0_7897.jpg,non-pcos
img_0_79.jpg,non-pcos
img_0_7901.jpg,non-pcos
img_0_7915.jpg,non-pcos
img_0_7918.jpg,non-pcos
img_0_7921.jpg,non-pcos
img_0_7925.jpg,non-pcos
img_0_7928.jpg,non-pcos
img_0_7930.jpg,non-pcos
img_0_7933.jpg,non-pcos
img_0_7936.jpg,non-pcos
img_0_7937.jpg,non-pcos
img_0_7939.jpg,non-pcos
img_0_794.jpg,non-pcos
img_0_7941.jpg,non-pcos
img_0_795.jpg,non-pcos
img_0_7953.jpg,non-pcos
img_0_7955.jpg,non-pcos
img_0_7957.jpg,non-pcos
img_0_7964.jpg,non-pcos
img_0_7969.jpg,non-pcos
img_0_7977.jpg,non-pcos
img_0_7992.jpg,non-pcos
img_0_7994.jpg,non-pcos
img_0_7996.jpg,non-pcos
img_0_8004.jpg,non-pcos
img_0_801.jpg,non-pcos
img_0_8022.jpg,non-pcos
img_0_8030.jpg,non-pcos
img_0_8044.jpg,non-pcos
img_0_8059.jpg,non-pcos
img_0_808.jpg,non-pcos
img_0_8081.jpg,non-pcos
img_0_8086.jpg,non-pcos
img_0_809.jpg,non-pcos
img_0_8105.jpg,non-pcos
img_0_8117.jpg,non-pcos
img_0_814.jpg,non-pcos
img_0_8146.jpg,non-pcos
img_0_8156.jpg,non-pcos
img_0_8189.jpg,non-pcos
img_0_819.jpg,non-pcos
img_0_8190.jpg,non-pcos
img_0_8198.jpg,non-pcos
img_0_8199.jpg,non-pcos
img_0_821.jpg,non-pcos
img_0_8220.jpg,non-pcos
img_0_8222.jpg,non-pcos
img_0_8236.jpg,non-pcos
img_0_8245.jpg,non-pcos
img_0_8250.jpg,non-pcos
img_0_8251.jpg,non-pcos
img_0_8256.jpg,non-pcos
img_0_8258.jpg,non-pcos
img_0_8259.jpg,non-pcos
img_0_8260.jpg,non-pcos
img_0_8267.jpg,non-pcos
img_0_8289.jpg,non-pcos
img_0_8329.jpg,non-pcos
img_0_833.jpg,non-pcos
img_0_8339.jpg,non-pcos
img_0_8343.jpg,non-pcos
img_0_8358.jpg,non-pcos
img_0_8368.jpg,non-pcos
img_0_8379.jpg,non-pcos
img_0_8398.jpg,non-pcos
img_0_84.jpg,non-pcos
img_0_840.jpg,non-pcos
img_0_8412.jpg,non-pcos
img_0_8413.jpg,non-pcos
img_0_8424.jpg,non-pcos
img_0_8427.jpg,non-pcos
img_0_8435.jpg,non-pcos
img_0_8443.jpg,non-pcos
img_0_845.jpg,non-pcos
img_0_846.jpg,non-pcos
img_0_8468.jpg,non-pcos
img_0_8471.jpg,non-pcos
img_0_8477.jpg,non-pcos
img_0_8496.jpg,non-pcos
img_0_8498.jpg,non-pcos
img_0_851.jpg,non-pcos
img_0_8518.jpg,non-pcos
img_0_8529.jpg,non-pcos
img_0_8533.jpg,non-pcos
img_0_8536.jpg,non-pcos
img_0_855.jpg,non-pcos
img_0_8561.jpg,non-pcos
img_0_858.jpg,non-pcos
img_0_8590.jpg,non-pcos
img_0_8593.jpg,non-pcos
img_0_8596.jpg,non-pcos
img_0_861.jpg,non-pcos
img_0_8621.jpg,non-pcos
img_0_8633.jpg,non-pcos
img_0_8656.jpg,non-pcos
img_0_8678.jpg,non-pcos
img_0_868.jpg,non-pcos
img_0_869.jpg,non-pcos
img_0_8691.jpg,non-pcos
img_0_8701.jpg,non-pcos
img_0_8703.jpg,non-pcos
img_0_8714.jpg,non-pcos
img_0_8721.jpg,non-pcos
img_0_8736.jpg,non-pcos
img_0_8737.jpg,non-pcos
img_0_874.jpg,non-pcos
img_0_8740.jpg,non-pcos
img_0_8749.jpg,non-pcos
img_0_875.jpg,non-pcos
img_0_8758.jpg,non-pcos
img_0_8765.jpg,non-pcos
img_0_877.jpg,non-pcos
img_0_8775.jpg,non-pcos
img_0_8783.jpg,non-pcos
img_0_8806.jpg,non-pcos
img_0_8810.jpg,non-pcos
img_0_8814.jpg,non-pcos
img_0_8825.jpg,non-pcos
img_0_8826.jpg,non-pcos
img_0_8829.jpg,non-pcos
img_0_8837.jpg,non-pcos
img_0_8841.jpg,non-pcos
img_0_8850.jpg,non-pcos
img_0_8861.jpg,non-pcos
img_0_8866.jpg,non-pcos
img_0_8885.jpg,non-pcos
img_0_8904.jpg,non-pcos
img_0_8905.jpg,non-pcos
img_0_8908.jpg,non-pcos
img_0_8931.jpg,non-pcos
img_0_8938.jpg,non-pcos
img_0_8946.jpg,non-pcos
img_0_8955.jpg,non-pcos
img_0_8972.jpg,non-pcos
img_0_8985.jpg,non-pcos
img_0_8989.jpg,non-pcos
img_0_90.jpg,non-pcos
img_0_9000.jpg,non-pcos
img_0_9002.jpg,non-pcos
img_0_9006.jpg,non-pcos
img_0_9017.jpg,non-pcos
img_0_9027.jpg,non-pcos
img_0_903.jpg,non-pcos
img_0_9031.jpg,non-pcos
img_0_9038.jpg,non-pcos
img_0_904.jpg,non-pcos
img_0_9042.jpg,non-pcos
img_0_9056.jpg,non-pcos
img_0_9058.jpg,non-pcos
img_0_9075.jpg,non-pcos
img_0_9083.jpg,non-pcos
img_0_9088.jpg,non-pcos
img_0_909.jpg,non-pcos
img_0_9100.jpg,non-pcos
img_0_9104.jpg,non-pcos
img_0_9116.jpg,non-pcos
img_0_9121.jpg,non-pcos
img_0_9128.jpg,non-pcos
img_0_9138.jpg,non-pcos
img_0_914.jpg,non-pcos
img_0_9151.jpg,non-pcos
img_0_9160.jpg,non-pcos
img_0_9164.jpg,non-pcos
img_0_9186.jpg,non-pcos
img_0_920.jpg,non-pcos
img_0_9228.jpg,non-pcos
img_0_923.jpg,non-pcos
img_0_9235.jpg,non-pcos
img_0_9242.jpg,non-pcos
img_0_9245.jpg,non-pcos
img_0_9253.jpg,non-pcos
img_0_9255.jpg,non-pcos
img_0_9275.jpg,non-pcos
img_0_930.jpg,non-pcos
img_0_931.jpg,non-pcos
img_0_9311.jpg,non-pcos
img_0_933.jpg,non-pcos
img_0_9333.jpg,non-pcos
img_0_9342.jpg,non-pcos
img_0_9347.jpg,non-pcos
img_0_935.jpg,non-pcos
img_0_936.jpg,non-pcos
img_0_9389.jpg,non-pcos
img_0_9391.jpg,non-pcos
img_0_9392.jpg,non-pcos
img_0_9393.jpg,non-pcos
img_0_9420.jpg,non-pcos
img_0_9422.jpg,non-pcos
img_0_9439.jpg,non-pcos
img_0_944.jpg,non-pcos
img_0_9465.jpg,non-pcos
img_0_9473.jpg,non-pcos
img_0_9479.jpg,non-pcos
img_0_9487.jpg,non-pcos
img_0_9507.jpg,non-pcos
img_0_9512.jpg,non-pcos
img_0_952.jpg,non-pcos
img_0_9528.jpg,non-pcos
img_0_9546.jpg,non-pcos
img_0_955.jpg,non-pcos
img_0_9566.jpg,non-pcos
img_0_9570.jpg,non-pcos
img_0_9576.jpg,non-pcos
img_0_9579.jpg,non-pcos
img_0_958.jpg,non-pcos
img_0_9582.jpg,non-pcos
img_0_9592.jpg,non-pcos
img_0_9594.jpg,non-pcos
img_0_9599.jpg,non-pcos
img_0_9613.jpg,non-pcos
img_0_9617.jpg,non-pcos
img_0_9620.jpg,non-pcos
img_0_9621.jpg,non-pcos
img_0_9624.jpg,non-pcos
img_0_9632.jpg,non-pcos
img_0_9644.jpg,non-pcos
img_0_9650.jpg,non-pcos
img_0_966.jpg,non-pcos
img_0_9663.jpg,non-pcos
img_0_9674.jpg,non-pcos
img_0_9683.jpg,non-pcos
img_0_9691.jpg,non-pcos
img_0_9701.jpg,non-pcos
img_0_9706.jpg,non-pcos
img_0_9712.jpg,non-pcos
img_0_9733.jpg,non-pcos
img_0_9748.jpg,non-pcos
img_0_9749.jpg,non-pcos
img_0_9750.jpg,non-pcos
img_0_9766.jpg,non-pcos
img_0_9769.jpg,non-pcos
img_0_9777.jpg,non-pcos
img_0_9788.jpg,non-pcos
img_0_9791.jpg,non-pcos
img_0_9799.jpg,non-pcos
img_0_9808.jpg,non-pcos
img_0_9809.jpg,non-pcos
img_0_9812.jpg,non-pcos
img_0_9813.jpg,non-pcos
img_0_9821.jpg,non-pcos
img_0_9823.jpg,non-pcos
img_0_9832.jpg,non-pcos
img_0_9840.jpg,non-pcos
img_0_9851.jpg,non-pcos
img_0_9854.jpg,non-pcos
img_0_9866.jpg,non-pcos
img_0_9899.jpg,non-pcos
img_0_99.jpg,non-pcos
img_0_9904.jpg,non-pcos
img_0_9906.jpg,non-pcos
img_0_991.jpg,non-pcos
img_0_9914.jpg,non-pcos
img_0_9931.jpg,non-pcos
img_0_9948.jpg,non-pcos
img_0_995.jpg,non-pcos
img_0_9952.jpg,non-pcos
img_0_9967.jpg,non-pcos
img_0_9973.jpg,non-pcos
img_0_9989.jpg,non-pcos
